1,tench,koala1000_1,animal,fish,fish
2,goldfish,koala1000_2,animal,fish,fish
3,great_white_shark,koala1000_3,animal,fish,shark
4,tiger_shark,koala1000_4,animal,fish,shark
5,hammerhead,koala1000_5,animal,fish,shark
6,electric_ray,koala1000_6,animal,fish,ray
7,stingray,koala1000_7,animal,fish,ray
8,cock,koala1000_8,animal,bird,fowl
9,hen,koala1000_9,animal,bird,fowl
10,ostrich,koala1000_10,animal,bird,fowl
11,brambling,koala1000_11,animal,bird,songbird
12,goldfinch,koala1000_12,animal,bird,songbird
13,house_finch,koala1000_13,animal,bird,songbird
14,junco,koala1000_14,animal,bird,songbird
15,indigo_bunting,koala1000_15,animal,bird,songbird
16,robin,koala1000_16,animal,bird,songbird
17,bulbul,koala1000_17,animal,bird,songbird
18,jay,koala1000_18,animal,bird,songbird
19,magpie,koala1000_19,animal,bird,songbird
20,chickadee,koala1000_20,animal,bird,songbird
21,water_ouzel,koala1000_21,animal,bird,songbird
22,kite,koala1000_22,animal,bird,bird_of_prey
23,eagle,koala1000_23,animal,bird,bird_of_prey
24,vulture,koala1000_24,animal,bird,bird_of_prey
25,owl,koala1000_25,animal,bird,bird_of_prey
26,european_fire_salamander,koala1000_26,animal,reptile,salamander
27,common_newt,koala1000_27,animal,reptile,salamander
28,eft,koala1000_28,animal,reptile,salamander
29,spotted_salamander,koala1000_29,animal,reptile,salamander
30,axolotl,koala1000_30,animal,reptile,salamander
31,bullfrog,koala1000_31,animal,reptile,frog
32,tree_frog,koala1000_32,animal,reptile,frog
33,tailed_frog,koala1000_33,animal,reptile,frog
34,loggerhead,koala1000_34,animal,reptile,turtle
35,leatherback_turtle,koala1000_35,animal,reptile,turtle
36,mud_turtle,koala1000_36,animal,reptile,turtle
37,terrapin,koala1000_37,animal,reptile,turtle
38,box_turtle,koala1000_38,animal,reptile,turtle
39,banded_gecko,koala1000_39,animal,reptile,lizard
40,common_iguana,koala1000_40,animal,reptile,lizard
41,american_chameleon,koala1000_41,animal,reptile,lizard
42,whiptail,koala1000_42,animal,reptile,lizard
43,agama,koala1000_43,animal,reptile,lizard
44,frilled_lizard,koala1000_44,animal,reptile,lizard
45,alligator_lizard,koala1000_45,animal,reptile,lizard
46,gila_monster,koala1000_46,animal,reptile,lizard
47,green_lizard,koala1000_47,animal,reptile,lizard
48,african_chameleon,koala1000_48,animal,reptile,lizard
49,komodo_dragon,koala1000_49,animal,reptile,lizard
50,african_crocodile,koala1000_50,animal,reptile,crocodile_or_alligator
51,american_alligator,koala1000_51,animal,reptile,crocodile_or_alligator
52,triceratops,koala1000_52,animal,reptile,dinosaur
53,thunder_snake,koala1000_53,animal,reptile,snake
54,ringneck_snake,koala1000_54,animal,reptile,snake
55,hognose_snake,koala1000_55,animal,reptile,snake
56,green_snake,koala1000_56,animal,reptile,snake
57,king_snake,koala1000_57,animal,reptile,snake
58,garter_snake,koala1000_58,animal,reptile,snake
59,water_snake,koala1000_59,animal,reptile,snake
60,vine_snake,koala1000_60,animal,reptile,snake
61,night_snake,koala1000_61,animal,reptile,snake
62,boa_constrictor,koala1000_62,animal,reptile,snake
63,rock_python,koala1000_63,animal,reptile,snake
64,indian_cobra,koala1000_64,animal,reptile,snake
65,green_mamba,koala1000_65,animal,reptile,snake
66,sea_snake,koala1000_66,animal,reptile,snake
67,horned_viper,koala1000_67,animal,reptile,snake
68,diamondback,koala1000_68,animal,reptile,snake
69,sidewinder,koala1000_69,animal,reptile,snake
70,trilobite,koala1000_70,animal,invertebrate,crustacean
71,harvestman,koala1000_71,animal,invertebrate,insect
72,scorpion,koala1000_72,animal,invertebrate,insect
73,black_and_gold_garden_spider,koala1000_73,animal,invertebrate,insect
74,barn_spider,koala1000_74,animal,invertebrate,insect
75,garden_spider,koala1000_75,animal,invertebrate,insect
76,black_widow,koala1000_76,animal,invertebrate,insect
77,tarantula,koala1000_77,animal,invertebrate,insect
78,wolf_spider,koala1000_78,animal,invertebrate,insect
79,tick,koala1000_79,animal,invertebrate,insect
80,centipede,koala1000_80,animal,invertebrate,insect
81,black_grouse,koala1000_81,animal,bird,game_bird
82,ptarmigan,koala1000_82,animal,bird,game_bird
83,ruffed_grouse,koala1000_83,animal,bird,game_bird
84,prairie_chicken,koala1000_84,animal,bird,game_bird
85,peacock,koala1000_85,animal,bird,game_bird
86,quail,koala1000_86,animal,bird,game_bird
87,partridge,koala1000_87,animal,bird,game_bird
88,african_grey,koala1000_88,animal,bird,parrot
89,macaw,koala1000_89,animal,bird,parrot
90,cockatoo,koala1000_90,animal,bird,parrot
91,lorikeet,koala1000_91,animal,bird,parrot
92,coucal,koala1000_92,animal,bird,songbird
93,bee_eater,koala1000_93,animal,bird,parrot
94,hornbill,koala1000_94,animal,bird,parrot
95,hummingbird,koala1000_95,animal,bird,songbird
96,jacamar,koala1000_96,animal,bird,parrot
97,toucan,koala1000_97,animal,bird,parrot
98,drake,koala1000_98,animal,bird,water_bird
99,merganser,koala1000_99,animal,bird,fowl
100,goose,koala1000_100,animal,bird,water_bird
101,black_swan,koala1000_101,animal,bird,water_bird
102,tusker,koala1000_102,animal,mammal,elephant
103,anteater,koala1000_103,animal,mammal,edentate
104,platypus,koala1000_104,animal,mammal,edentate
105,wallaby,koala1000_105,animal,mammal,kangaroo
106,koala,koala1000_106,animal,mammal,koala
107,wombat,koala1000_107,animal,mammal,kangaroo
108,jellyfish,koala1000_108,animal,invertebrate,jellyfish
109,sea_anemone,koala1000_109,animal,invertebrate,crustacean
110,brain_coral,koala1000_110,animal,invertebrate,crustacean
111,flatworm,koala1000_111,animal,invertebrate,worm
112,roundworm,koala1000_112,animal,invertebrate,worm
113,conch,koala1000_113,animal,invertebrate,crustacean
114,snail,koala1000_114,animal,invertebrate,crustacean
115,slug,koala1000_115,animal,invertebrate,crustacean
116,sea_slug,koala1000_116,animal,invertebrate,crustacean
117,chiton,koala1000_117,animal,invertebrate,crustacean
118,chambered_nautilus,koala1000_118,animal,invertebrate,crustacean
119,dungeness_crab,koala1000_119,animal,invertebrate,crustacean
120,rock_crab,koala1000_120,animal,invertebrate,crustacean
121,fiddler_crab,koala1000_121,animal,invertebrate,crustacean
122,king_crab,koala1000_122,animal,invertebrate,crustacean
123,american_lobster,koala1000_123,animal,invertebrate,crustacean
124,spiny_lobster,koala1000_124,animal,invertebrate,crustacean
125,crayfish,koala1000_125,animal,invertebrate,crustacean
126,hermit_crab,koala1000_126,animal,invertebrate,crustacean
127,isopod,koala1000_127,animal,invertebrate,crustacean
128,white_stork,koala1000_128,animal,bird,water_bird
129,black_stork,koala1000_129,animal,bird,water_bird
130,spoonbill,koala1000_130,animal,bird,water_bird
131,flamingo,koala1000_131,animal,bird,water_bird
132,little_blue_heron,koala1000_132,animal,bird,water_bird
133,american_egret,koala1000_133,animal,bird,water_bird
134,bittern,koala1000_134,animal,bird,water_bird
135,crane,koala1000_135,animal,bird,water_bird
136,limpkin,koala1000_136,animal,bird,water_bird
137,european_gallinule,koala1000_137,animal,bird,water_bird
138,american_coot,koala1000_138,animal,bird,water_bird
139,bustard,koala1000_139,animal,bird,water_bird
140,ruddy_turnstone,koala1000_140,animal,bird,water_bird
141,red-backed_sandpiper,koala1000_141,animal,bird,water_bird
142,redshank,koala1000_142,animal,bird,water_bird
143,dowitcher,koala1000_143,animal,bird,water_bird
144,oystercatcher,koala1000_144,animal,bird,water_bird
145,pelican,koala1000_145,animal,bird,water_bird
146,king_penguin,koala1000_146,animal,bird,water_bird
147,albatross,koala1000_147,animal,bird,water_bird
148,grey_whale,koala1000_148,animal,sea_mammal,whale
149,killer_whale,koala1000_149,animal,fish,shark
150,dugong,koala1000_150,animal,mammal,manatee
151,sea_lion,koala1000_151,animal,mammal,sea_lion
152,chihuahua,koala1000_152,animal,mammal,toy_dog
153,japanese_spaniel,koala1000_153,animal,mammal,toy_dog
154,maltese_dog,koala1000_154,animal,mammal,toy_dog
155,pekinese,koala1000_155,animal,mammal,toy_dog
156,shih-tzu,koala1000_156,animal,mammal,toy_dog
157,blenheim_spaniel,koala1000_157,animal,mammal,toy_dog
158,papillon,koala1000_158,animal,mammal,toy_dog
159,toy_terrier,koala1000_159,animal,mammal,toy_dog
160,rhodesian_ridgeback,koala1000_160,animal,mammal,hunting_dog
161,afghan_hound,koala1000_161,animal,mammal,hunting_dog
162,basset,koala1000_162,animal,mammal,hunting_dog
163,beagle,koala1000_163,animal,mammal,hunting_dog
164,bloodhound,koala1000_164,animal,mammal,hunting_dog
165,bluetick,koala1000_165,animal,mammal,hunting_dog
166,black-and-tan_coonhound,koala1000_166,animal,mammal,hunting_dog
167,walker_hound,koala1000_167,animal,mammal,hunting_dog
168,wnglish_foxhound,koala1000_168,animal,mammal,hunting_dog
169,redbone,koala1000_169,animal,mammal,hunting_dog
170,borzoi,koala1000_170,animal,mammal,hunting_dog
171,irish_wolfhound,koala1000_171,animal,mammal,hunting_dog
172,italian_greyhound,koala1000_172,animal,mammal,hunting_dog
173,whippet,koala1000_173,animal,mammal,hunting_dog
174,ibizan_hound,koala1000_174,animal,mammal,hunting_dog
175,norwegian_elkhound,koala1000_175,animal,mammal,hunting_dog
176,otterhound,koala1000_176,animal,mammal,hunting_dog
177,saluki,koala1000_177,animal,mammal,hunting_dog
178,scottish_deerhound,koala1000_178,animal,mammal,hunting_dog
179,weimaraner,koala1000_179,animal,mammal,hunting_dog
180,staffordshire_bullterrier,koala1000_180,animal,mammal,hunting_dog
181,armerican_staffordshire_terrier,koala1000_181,animal,mammal,hunting_dog
182,bedlington_terrier,koala1000_182,animal,mammal,hunting_dog
183,border_terrier,koala1000_183,animal,mammal,hunting_dog
184,kerry_blue_terrier,koala1000_184,animal,mammal,hunting_dog
185,irish_terrier,koala1000_185,animal,mammal,hunting_dog
186,norfolk_terrier,koala1000_186,animal,mammal,hunting_dog
187,norwich_terrier,koala1000_187,animal,mammal,hunting_dog
188,yorkshire_terrier,koala1000_188,animal,mammal,hunting_dog
189,wire-haired_fox_terrier,koala1000_189,animal,mammal,hunting_dog
190,lakeland_terrier,koala1000_190,animal,mammal,hunting_dog
191,sealyham_terrier,koala1000_191,animal,mammal,hunting_dog
192,airedale,koala1000_192,animal,mammal,hunting_dog
193,cairn,koala1000_193,animal,mammal,hunting_dog
194,australian_terrier,koala1000_194,animal,mammal,hunting_dog
195,dandie_dinmont,koala1000_195,animal,mammal,hunting_dog
196,boston_bull,koala1000_196,animal,mammal,hunting_dog
197,miniature_schnauzer,koala1000_197,animal,mammal,hunting_dog
198,giant_schnauzer,koala1000_198,animal,mammal,hunting_dog
199,standard_schnauzer,koala1000_199,animal,mammal,hunting_dog
200,scotch_terrier,koala1000_200,animal,mammal,hunting_dog
201,tibetan_terrier,koala1000_201,animal,mammal,hunting_dog
202,silky_terrier,koala1000_202,animal,mammal,hunting_dog
203,soft-coated_wheaten_terrier,koala1000_203,animal,mammal,hunting_dog
204,west_highland_white_terrier,koala1000_204,animal,mammal,hunting_dog
205,lhasa,koala1000_205,animal,mammal,hunting_dog
206,flat-coated_retriever,koala1000_206,animal,mammal,hunting_dog
207,curly-coated_retriever,koala1000_207,animal,mammal,hunting_dog
208,golden_retriever,koala1000_208,animal,mammal,hunting_dog
209,labrador_retriever,koala1000_209,animal,mammal,hunting_dog
210,chesapeake_bay_retriever,koala1000_210,animal,mammal,hunting_dog
211,german_short-haired_pointer,koala1000_211,animal,mammal,hunting_dog
212,vizsla,koala1000_212,animal,mammal,hunting_dog
213,english_setter,koala1000_213,animal,mammal,hunting_dog
214,irish_setter,koala1000_214,animal,mammal,hunting_dog
215,gordon_setter,koala1000_215,animal,mammal,hunting_dog
216,brittany_spaniel,koala1000_216,animal,mammal,hunting_dog
217,clumber,koala1000_217,animal,mammal,hunting_dog
218,english_springer,koala1000_218,animal,mammal,hunting_dog
219,welsh_springer_spaniel,koala1000_219,animal,mammal,hunting_dog
220,cocker_spaniel,koala1000_220,animal,mammal,hunting_dog
221,sussex_spaniel,koala1000_221,animal,mammal,hunting_dog
222,irish_water_spaniel,koala1000_222,animal,mammal,hunting_dog
223,kuvasz,koala1000_223,animal,mammal,working_dog
224,schipperke,koala1000_224,animal,mammal,working_dog
225,groenendael,koala1000_225,animal,mammal,working_dog
226,malinois,koala1000_226,animal,mammal,working_dog
227,briard,koala1000_227,animal,mammal,working_dog
228,kelpie,koala1000_228,animal,mammal,working_dog
229,komondor,koala1000_229,animal,mammal,working_dog
230,old_english_sheepdog,koala1000_230,animal,mammal,working_dog
231,shetland_sheepdog,koala1000_231,animal,mammal,working_dog
232,collie,koala1000_232,animal,mammal,working_dog
233,border_collie,koala1000_233,animal,mammal,working_dog
234,bouvier_des_flandres,koala1000_234,animal,mammal,working_dog
235,rottweiler,koala1000_235,animal,mammal,working_dog
236,german_shepherd,koala1000_236,animal,mammal,working_dog
237,doberman,koala1000_237,animal,mammal,working_dog
238,miniature_pinscher,koala1000_238,animal,mammal,working_dog
239,greater_swiss_mountain_dog,koala1000_239,animal,mammal,working_dog
240,bernese_mountain_dog,koala1000_240,animal,mammal,working_dog
241,appenzeller,koala1000_241,animal,mammal,working_dog
242,entle_bucher,koala1000_242,animal,mammal,working_dog
243,boxer,koala1000_243,animal,mammal,working_dog
244,bull_mastiff,koala1000_244,animal,mammal,working_dog
245,tibetan_mastiff,koala1000_245,animal,mammal,working_dog
246,french_bulldog,koala1000_246,animal,mammal,working_dog
247,great_dane,koala1000_247,animal,mammal,working_dog
248,saint_bernard,koala1000_248,animal,mammal,working_dog
249,eskimo_dog,koala1000_249,animal,mammal,working_dog
250,malamute,koala1000_250,animal,mammal,working_dog
251,siberian_husky,koala1000_251,animal,mammal,working_dog
252,dalmatian,koala1000_252,animal,mammal,hunting_dog
253,affenpinscher,koala1000_253,animal,mammal,working_dog
254,basenji,koala1000_254,animal,mammal,hunting_dog
255,pug,koala1000_255,animal,mammal,toy_dog
256,leonberg,koala1000_256,animal,mammal,working_dog
257,newfoundland,koala1000_257,animal,mammal,working_dog
258,great_pyrenees,koala1000_258,animal,mammal,working_dog
259,samoyed,koala1000_259,animal,mammal,working_dog
260,pomeranian,koala1000_260,animal,mammal,working_dog
261,chow,koala1000_261,animal,mammal,working_dog
262,keeshond,koala1000_262,animal,mammal,working_dog
263,brabancon_griffon,koala1000_263,animal,mammal,toy_dog
264,pembroke,koala1000_264,animal,mammal,working_dog
265,cardigan,koala1000_265,animal,mammal,working_dog
266,toy_poodle,koala1000_266,animal,mammal,toy_dog
267,miniature_poodle,koala1000_267,animal,mammal,toy_dog
268,standard_poodle,koala1000_268,animal,mammal,toy_dog
269,mexican_hairless,koala1000_269,animal,mammal,toy_dog
270,timber_wolf,koala1000_270,animal,mammal,wolf
271,white_wolf,koala1000_271,animal,mammal,wolf
272,red_wolf,koala1000_272,animal,mammal,wolf
273,coyote,koala1000_273,animal,mammal,wolf
274,dingo,koala1000_274,animal,mammal,wild_dog
275,dhole,koala1000_275,animal,mammal,wild_dog
276,african_hunting_dog,koala1000_276,animal,mammal,wild_dog
277,hyena,koala1000_277,animal,mammal,wild_dog
278,red_fox,koala1000_278,animal,mammal,fox
279,kit_fox,koala1000_279,animal,mammal,fox
280,arctic_fox,koala1000_280,animal,mammal,fox
281,grey_fox,koala1000_281,animal,mammal,fox
282,tabby,koala1000_282,animal,mammal,cat
283,tiger_cat,koala1000_283,animal,mammal,cat
284,persian_cat,koala1000_284,animal,mammal,cat
285,siamese_cat,koala1000_285,animal,mammal,cat
286,egyptian_cat,koala1000_286,animal,mammal,cat
287,cougar,koala1000_287,animal,mammal,cat
288,lynx,koala1000_288,animal,mammal,cat
289,leopard,koala1000_289,animal,mammal,cat
290,snow_leopard,koala1000_290,animal,mammal,cat
291,jaguar,koala1000_291,animal,mammal,cat
292,lion,koala1000_292,animal,mammal,cat
293,tiger,koala1000_293,animal,mammal,cat
294,cheetah,koala1000_294,animal,mammal,cat
295,brown_bear,koala1000_295,animal,mammal,bear
296,american_black_bear,koala1000_296,animal,mammal,bear
297,ice_bear,koala1000_297,animal,mammal,bear
298,sloth_bear,koala1000_298,animal,mammal,bear
299,mongoose,koala1000_299,animal,mammal,cat
300,meerkat,koala1000_300,animal,mammal,cat
301,tiger_beetle,koala1000_301,animal,invertebrate,insect
302,ladybug,koala1000_302,animal,invertebrate,insect
303,ground_beetle,koala1000_303,animal,invertebrate,insect
304,long-horned_beetle,koala1000_304,animal,invertebrate,insect
305,leaf_beetle,koala1000_305,animal,invertebrate,insect
306,dung_beetle,koala1000_306,animal,invertebrate,insect
307,rhinoceros_beetle,koala1000_307,animal,invertebrate,insect
308,weevil,koala1000_308,animal,invertebrate,insect
309,fly,koala1000_309,animal,invertebrate,insect
310,bee,koala1000_310,animal,invertebrate,insect
311,ant,koala1000_311,animal,invertebrate,insect
312,grasshopper,koala1000_312,animal,invertebrate,insect
313,cricket,koala1000_313,animal,invertebrate,insect
314,walking_stick,koala1000_314,animal,invertebrate,insect
315,cockroach,koala1000_315,animal,invertebrate,insect
316,mantis,koala1000_316,animal,invertebrate,insect
317,cicada,koala1000_317,animal,invertebrate,insect
318,leafhopper,koala1000_318,animal,invertebrate,insect
319,lacewing,koala1000_319,animal,invertebrate,insect
320,dragonfly,koala1000_320,animal,invertebrate,insect
321,damselfly,koala1000_321,animal,invertebrate,insect
322,admiral,koala1000_322,animal,invertebrate,insect
323,ringlet,koala1000_323,animal,invertebrate,insect
324,monarch,koala1000_324,animal,invertebrate,insect
325,cabbage_butterfly,koala1000_325,animal,invertebrate,insect
326,sulphur_butterfly,koala1000_326,animal,invertebrate,insect
327,lycaenid,koala1000_327,animal,invertebrate,insect
328,starfish,koala1000_328,animal,invertebrate,crustacean
329,sea_urchin,koala1000_329,animal,invertebrate,crustacean
330,sea_cucumber,koala1000_330,animal,invertebrate,crustacean
331,wood_rabbit,koala1000_331,animal,mammal,rabbit
332,hare,koala1000_332,animal,mammal,rabbit
333,angora,koala1000_333,animal,mammal,rabbit
334,hamster,koala1000_334,animal,mammal,rodent
335,porcupine,koala1000_335,animal,mammal,rodent
336,fox_squirrel,koala1000_336,animal,mammal,rodent
337,marmot,koala1000_337,animal,mammal,rodent
338,beaver,koala1000_338,animal,mammal,rodent
339,guinea_pig,koala1000_339,animal,mammal,rodent
340,sorrel,koala1000_340,animal,mammal,hoofed_animal
341,zebra,koala1000_341,animal,mammal,hoofed_animal
342,hog,koala1000_342,animal,mammal,swine
343,wild_boar,koala1000_343,animal,mammal,swine
344,warthog,koala1000_344,animal,mammal,swine
345,hippopotamus,koala1000_345,animal,mammal,hoofed_animal
346,ox,koala1000_346,animal,mammal,ruminant
347,water_buffalo,koala1000_347,animal,mammal,ruminant
348,bison,koala1000_348,animal,mammal,ruminant
349,ram,koala1000_349,animal,mammal,ruminant
350,bighorn,koala1000_350,animal,mammal,ruminant
351,ibex,koala1000_351,animal,mammal,ruminant
352,hartebeest,koala1000_352,animal,mammal,ruminant
353,impala,koala1000_353,animal,mammal,ruminant
354,gazelle,koala1000_354,animal,mammal,ruminant
355,arabian_camel,koala1000_355,animal,mammal,hoofed_animal
356,llama,koala1000_356,animal,mammal,hoofed_animal
357,weasel,koala1000_357,animal,mammal,marten
358,mink,koala1000_358,animal,mammal,marten
359,polecat,koala1000_359,animal,mammal,marten
360,black-footed_ferret,koala1000_360,animal,mammal,marten
361,otter,koala1000_361,animal,mammal,marten
362,skunk,koala1000_362,animal,mammal,marten
363,badger,koala1000_363,animal,mammal,marten
364,armadillo,koala1000_364,animal,mammal,edentate
365,three-toed_sloth,koala1000_365,animal,mammal,edentate
366,orangutan,koala1000_366,animal,mammal,primate
367,gorilla,koala1000_367,animal,mammal,primate
368,chimpanzee,koala1000_368,animal,mammal,primate
369,gibbon,koala1000_369,animal,mammal,primate
370,siamang,koala1000_370,animal,mammal,primate
371,guenon,koala1000_371,animal,mammal,primate
372,patas,koala1000_372,animal,mammal,primate
373,baboon,koala1000_373,animal,mammal,primate
374,macaque,koala1000_374,animal,mammal,primate
375,langur,koala1000_375,animal,mammal,primate
376,colobus,koala1000_376,animal,mammal,primate
377,proboscis_monkey,koala1000_377,animal,mammal,primate
378,marmoset,koala1000_378,animal,mammal,primate
379,capuchin,koala1000_379,animal,mammal,primate
380,howler_monkey,koala1000_380,animal,mammal,primate
381,titi,koala1000_381,animal,mammal,primate
382,spider_monkey,koala1000_382,animal,mammal,primate
383,squirrel_monkey,koala1000_383,animal,mammal,primate
384,madagascar_cat,koala1000_384,animal,mammal,primate
385,indri,koala1000_385,animal,mammal,primate
386,indian_elephant,koala1000_386,animal,mammal,elephant
387,african_elephant,koala1000_387,animal,mammal,elephant
388,lesser_panda,koala1000_388,animal,mammal,bear
389,giant_panda,koala1000_389,animal,mammal,bear
390,barracouta,koala1000_390,animal,fish,fish
391,eel,koala1000_391,animal,fish,fish
392,coho,koala1000_392,animal,fish,fish
393,rock_beauty,koala1000_393,animal,fish,fish
394,anemone_fish,koala1000_394,animal,fish,fish
395,sturgeon,koala1000_395,animal,fish,fish
396,gar,koala1000_396,animal,fish,fish
397,lionfish,koala1000_397,animal,fish,fish
398,puffer,koala1000_398,animal,fish,fish
399,abacus,koala1000_399,man_made_thing,measure_instrument,abacus
400,abaya,koala1000_400,wearable,garment,dress
401,academic_gown,koala1000_401,wearable,garment,coat
402,accordion,koala1000_402,man_made_thing,musical_instrument,piano
403,acoustic_guitar,koala1000_403,man_made_thing,musical_instrument,guitar
404,aircraft_carrier,koala1000_404,vehicle,ship,aircraft_carrier
405,airliner,koala1000_405,vehicle,aviation,airplane
406,airship,koala1000_406,vehicle,aviation,airplane
407,altar,koala1000_407,structure_building,building_part,altar_or_stage
408,ambulance,koala1000_408,vehicle,ground_vehicle,utility
409,amphibian,koala1000_409,vehicle,ground_vehicle,amphibian
410,analog_clock,koala1000_410,man_made_thing,small_appliance,clock
411,bee_house,koala1000_411,structure_building,shelter,bee_house
412,apron,koala1000_412,wearable,garment,protective_clothes
413,ashcan,koala1000_413,man_made_thing,container,bin
414,assault_rifle,koala1000_414,man_made_thing,weapon,rifle
415,backpack,koala1000_415,man_made_thing,bag,backpack
416,bakery,koala1000_416,structure_building,commercial_building,shop
417,balance_beam,koala1000_417,man_made_thing,sports_and_toy,gymnastic_bar
418,balloon,koala1000_418,man_made_thing,sports_and_toy,balloon
419,ballpoint,koala1000_419,man_made_thing,utensil,writing_utensil
420,band_aid,koala1000_420,man_made_thing,body_care,medical_accessory
421,banjo,koala1000_421,man_made_thing,musical_instrument,banjo
422,banister,koala1000_422,structure_building,building_part,fence
423,barbell,koala1000_423,man_made_thing,sports_and_toy,weight
424,barber_chair,koala1000_424,furniture,,chair
425,barbershop,koala1000_425,structure_building,commercial_building,shop
426,barn,koala1000_426,structure_building,agricultural_building,barn
427,barometer,koala1000_427,man_made_thing,measure_instrument,barometer
428,barrel,koala1000_428,man_made_thing,container,bucket
429,barrow,koala1000_429,man_made_thing,container,cart
430,baseball,koala1000_430,man_made_thing,sports_and_toy,ball
431,basketball,koala1000_431,man_made_thing,sports_and_toy,ball
432,bassinet,koala1000_432,furniture,,bed
433,bassoon,koala1000_433,man_made_thing,musical_instrument,bassoon
434,bathing_cap,koala1000_434,wearable,headgear,cap
435,towel,koala1000_435,man_made_thing,textile,towel
436,bathtub,koala1000_436,furniture,,tub
437,beach_wagon,koala1000_437,vehicle,ground_vehicle,car
438,lighthouse,koala1000_438,structure_building,free_standing_structure,lighthouse
439,beaker,koala1000_439,man_made_thing,container,beaker
440,bearskin,koala1000_440,wearable,headgear,hat
441,beer_bottle,koala1000_441,man_made_thing,container,bottle
442,beer_glass,koala1000_442,man_made_thing,container,glass
443,bell_cote,koala1000_443,structure_building,free_standing_structure,tower
444,bib,koala1000_444,man_made_thing,textile,bib
445,bicycle,koala1000_445,vehicle,ground_vehicle,bicycle
446,bikini,koala1000_446,wearable,garment,swimsuit
447,binder,koala1000_447,man_made_thing,utensil,paper
448,binoculars,koala1000_448,wearable,,eyewear
449,birdhouse,koala1000_449,structure_building,shelter,birdhouse
450,boathouse,koala1000_450,structure_building,shelter,boathouse
451,bobsled,koala1000_451,vehicle,ground_vehicle,sled
452,bolo_tie,koala1000_452,wearable,accessory,neckwear
453,bonnet,koala1000_453,wearable,headgear,bonnet
454,bookcase,koala1000_454,furniture,,storage_unit
455,bookshop,koala1000_455,structure_building,commercial_building,shop
456,bottle_cap,koala1000_456,man_made_thing,utensil,cover
457,bow,koala1000_457,man_made_thing,sports_and_toy,bow
458,bow_tie,koala1000_458,wearable,accessory,neckwear
459,memorial_plate,koala1000_459,man_made_thing,home_decoration,memorial_plate
460,brassiere,koala1000_460,wearable,garment,underwear
461,mole,koala1000_461,structure_building,free_standing_structure,mole
462,breastplate,koala1000_462,wearable,,armor
463,broom,koala1000_463,man_made_thing,utensil,cleaning_utensil
464,bucket,koala1000_464,man_made_thing,container,bucket
465,buckle,koala1000_465,wearable,accessory,belt
466,bulletproof_vest,koala1000_466,wearable,garment,protective_clothes
467,bullet_train,koala1000_467,vehicle,ground_vehicle,locomotive
468,butcher_shop,koala1000_468,structure_building,commercial_building,shop
469,cab,koala1000_469,vehicle,ground_vehicle,car
470,caldron,koala1000_470,man_made_thing,container,pot
471,candle,koala1000_471,man_made_thing,utensil,lighting
472,cannon,koala1000_472,man_made_thing,weapon,cannon
473,canoe,koala1000_473,vehicle,ship,canoe
474,can_opener,koala1000_474,man_made_thing,utensil,kitchen_utensil
475,cardigan,koala1000_475,wearable,garment,jacket
476,car_mirror,koala1000_476,man_made_thing,vehicle_part,mirror
477,carousel,koala1000_477,structure_building,free_standing_structure,carousel
478,carpenters_kit,koala1000_478,man_made_thing,tool,carpenters_kit
479,carton,koala1000_479,man_made_thing,container,box
480,car_wheel,koala1000_480,man_made_thing,vehicle_part,wheel
481,cash_machine,koala1000_481,man_made_thing,slot_machine_or_atm,cash_machine
482,cassette,koala1000_482,man_made_thing,container,box
483,cassette_player,koala1000_483,man_made_thing,electronic_dev,music_player
484,castle,koala1000_484,structure_building,free_standing_structure,castle
485,catamaran,koala1000_485,vehicle,ship,sailing_ship
486,cd_player,koala1000_486,man_made_thing,electronic_dev,music_player
487,cello,koala1000_487,man_made_thing,musical_instrument,cello
488,cellular_telephone,koala1000_488,man_made_thing,electronic_dev,phone
489,chain,koala1000_489,man_made_thing,building_material,chain
490,chainlink_fence,koala1000_490,structure_building,building_part,fence
491,chain_mail,koala1000_491,wearable,,armor
492,chain_saw,koala1000_492,man_made_thing,tool,chain_saw
493,chest,koala1000_493,furniture,,storage_unit
494,chiffonier,koala1000_494,furniture,,storage_unit
495,chime,koala1000_495,man_made_thing,musical_instrument,bell
496,china_cabinet,koala1000_496,furniture,,storage_unit
497,christmas_stocking,koala1000_497,wearable,,footwear
498,church,koala1000_498,structure_building,religious_building,church
499,cinema,koala1000_499,structure_building,public_building,cinema
500,meat_chopper,koala1000_500,man_made_thing,utensil,kitchen_utensil
501,cliff_dwelling,koala1000_501,structure_building,shelter,cliff_dwelling
502,cloak,koala1000_502,wearable,garment,coat
503,clog,koala1000_503,wearable,,footwear
504,cocktail_shaker,koala1000_504,man_made_thing,container,bottle
505,coffee_mug,koala1000_505,man_made_thing,container,mug
506,coffeepot,koala1000_506,man_made_thing,container,pot
507,coil,koala1000_507,man_made_thing,tool,coil
508,combination_lock,koala1000_508,man_made_thing,utensil,locking_device
509,computer_keyboard,koala1000_509,man_made_thing,electronic_dev,keyboard
510,confectionery,koala1000_510,structure_building,commercial_building,shop
511,container_ship,koala1000_511,vehicle,ship,container_ship
512,convertible,koala1000_512,vehicle,ground_vehicle,car
513,corkscrew,koala1000_513,man_made_thing,utensil,kitchen_utensil
514,cornet,koala1000_514,man_made_thing,musical_instrument,horn
515,cowboy_boot,koala1000_515,wearable,,footwear
516,cowboy_hat,koala1000_516,wearable,headgear,hat
517,cradle,koala1000_517,furniture,,bed
518,crane,koala1000_518,man_made_thing,tool,crane
519,crash_helmet,koala1000_519,wearable,headgear,helmet
520,crate,koala1000_520,furniture,,storage_unit
521,crib,koala1000_521,furniture,,bed
522,crock_pot,koala1000_522,man_made_thing,container,pot
523,croquet_ball,koala1000_523,man_made_thing,sports_and_toy,ball
524,crutch,koala1000_524,man_made_thing,utensil,medical_device
525,cuirass,koala1000_525,wearable,,armor
526,dam,koala1000_526,structure_building,free_standing_structure,dam
527,desk,koala1000_527,furniture,,table
528,desktop_computer,koala1000_528,man_made_thing,electronic_dev,computer
529,dial_telephone,koala1000_529,man_made_thing,electronic_dev,phone
530,diaper,koala1000_530,man_made_thing,textile,diaper
531,digital_clock,koala1000_531,man_made_thing,small_appliance,clock
532,digital_watch,koala1000_532,man_made_thing,small_appliance,clock
533,dining_table,koala1000_533,furniture,,table
534,dish_towel,koala1000_534,man_made_thing,textile,dish_towel
535,dishwasher,koala1000_535,man_made_thing,home_appliance,dishwasher
536,disk_brake,koala1000_536,man_made_thing,vehicle_part,brake
537,dock,koala1000_537,structure_building,transport_structure,dock_or_harbor
538,dog_sled,koala1000_538,vehicle,ground_vehicle,dog_sled
539,dome,koala1000_539,structure_building,free_standing_structure,dome
540,doormat,koala1000_540,furniture,textile_object,floor_cover
541,drilling_platform,koala1000_541,structure_building,industrial_structure,drilling_platform
542,drum,koala1000_542,man_made_thing,musical_instrument,drum
543,drumstick,koala1000_543,man_made_thing,musical_instrument,drum
544,dumbbell,koala1000_544,man_made_thing,sports_and_toy,weight
545,dutch_oven,koala1000_545,man_made_thing,small_appliance,oven
546,electric_fan,koala1000_546,man_made_thing,small_appliance,fan
547,electric_guitar,koala1000_547,man_made_thing,musical_instrument,guitar
548,electric_locomotive,koala1000_548,vehicle,ground_vehicle,locomotive
549,entertainment_center,koala1000_549,man_made_thing,electronic_dev,music_player
550,envelope,koala1000_550,man_made_thing,utensil,paper
551,espresso_maker,koala1000_551,man_made_thing,small_appliance,coffee_maker
552,face_powder,koala1000_552,man_made_thing,body_care,face_care
553,feather_boa,koala1000_553,wearable,accessory,scarf
554,file,koala1000_554,furniture,,storage_unit
555,fireboat,koala1000_555,vehicle,ship,fireboat
556,fire_engine,koala1000_556,vehicle,ground_vehicle,utility
557,fire_screen,koala1000_557,man_made_thing,home_decoration,screen
558,flagpole,koala1000_558,structure_building,free_standing_structure,pole
559,flute,koala1000_559,man_made_thing,musical_instrument,flute
560,folding_chair,koala1000_560,furniture,,chair
561,football_helmet,koala1000_561,wearable,headgear,helmet
562,forklift,koala1000_562,vehicle,work_vehicle,forklift
563,fountain,koala1000_563,structure_building,free_standing_structure,fountain
564,fountain_pen,koala1000_564,man_made_thing,utensil,writing_utensil
565,four-poster,koala1000_565,furniture,,bed
566,freight_car,koala1000_566,vehicle,ground_vehicle,car
567,french_horn,koala1000_567,man_made_thing,musical_instrument,horn
568,frying_pan,koala1000_568,man_made_thing,container,pan
569,fur_coat,koala1000_569,wearable,garment,coat
570,garbage_truck,koala1000_570,vehicle,ground_vehicle,utility
571,gasmask,koala1000_571,wearable,,face_protection
572,gas_pump,koala1000_572,structure_building,industrial_structure,gas_pump
573,goblet,koala1000_573,man_made_thing,container,glass
574,go-kart,koala1000_574,vehicle,ground_vehicle,go-kart
575,golf_ball,koala1000_575,man_made_thing,sports_and_toy,ball
576,golf_cart,koala1000_576,vehicle,ground_vehicle,golf_cart
577,gondola,koala1000_577,vehicle,ship,gondola
578,gong,koala1000_578,man_made_thing,musical_instrument,gong
579,gown,koala1000_579,wearable,garment,dress
580,grand_piano,koala1000_580,man_made_thing,musical_instrument,piano
581,greenhouse,koala1000_581,structure_building,agricultural_building,greenhouse
582,grille,koala1000_582,man_made_thing,home_appliance,heating_or_cooling
583,grocery_store,koala1000_583,structure_building,commercial_building,shop
584,guillotine,koala1000_584,man_made_thing,weapon,guillotine
585,hair_slide,koala1000_585,wearable,accessory,hair_slide
586,hair_spray,koala1000_586,man_made_thing,body_care,hair_care
587,half_track,koala1000_587,vehicle,ground_vehicle,truck
588,hammer,koala1000_588,man_made_thing,tool,hammer
589,hamper,koala1000_589,furniture,,storage_unit
590,hair_dryer,koala1000_590,man_made_thing,small_appliance,hair_dryer
591,hand-held_computer,koala1000_591,man_made_thing,electronic_dev,computer
592,handkerchief,koala1000_592,man_made_thing,textile,fabric
593,hard_disc,koala1000_593,man_made_thing,electronic_dev,hard_disc
594,harmonica,koala1000_594,man_made_thing,musical_instrument,harp
595,harp,koala1000_595,man_made_thing,musical_instrument,harp
596,harvester,koala1000_596,vehicle,work_vehicle,reaper
597,hatchet,koala1000_597,man_made_thing,tool,hatchet
598,holster,koala1000_598,wearable,accessory,belt
599,home_theater,koala1000_599,structure_building,room,home_theater
600,honeycomb,koala1000_600,animal,animal_product,honeycomb
601,hook,koala1000_601,wearable,accessory,hook
602,hoopskirt,koala1000_602,wearable,garment,underwear
603,horizontal_bar,koala1000_603,man_made_thing,sports_and_toy,gymnastic_bar
604,horse_cart,koala1000_604,vehicle,ground_vehicle,horse_cart
605,hourglass,koala1000_605,man_made_thing,small_appliance,clock
606,ipod,koala1000_606,man_made_thing,electronic_dev,music_player
607,iron,koala1000_607,man_made_thing,utensil,small_appliance
608,jack-o'-lantern,koala1000_608,man_made_thing,home_decoration,seasonal_decoration
609,jean,koala1000_609,wearable,garment,pants
610,jeep,koala1000_610,vehicle,ground_vehicle,truck
611,jersey,koala1000_611,wearable,garment,shirt
612,jigsaw_puzzle,koala1000_612,man_made_thing,sports_and_toy,desk_toy
613,ricksha,koala1000_613,vehicle,ground_vehicle,ricksha
614,joystick,koala1000_614,man_made_thing,electronic_dev,joystick_or_mouse
615,kimono,koala1000_615,wearable,garment,coat
616,knee_pad,koala1000_616,man_made_thing,body_care,medical_accessory
617,knot,koala1000_617,wearable,accessory,belt
618,lab_coat,koala1000_618,wearable,garment,protective_clothes
619,ladle,koala1000_619,man_made_thing,utensil,kitchen_utensil
620,lampshade,koala1000_620,man_made_thing,light_fixture,lamp
621,laptop,koala1000_621,man_made_thing,electronic_dev,computer
622,lawn_mower,koala1000_622,vehicle,work_vehicle,mower
623,lens_cap,koala1000_623,man_made_thing,utensil,cover
624,paper_knife,koala1000_624,man_made_thing,utensil,kitchen_utensil
625,library,koala1000_625,structure_building,public_building,library
626,lifeboat,koala1000_626,vehicle,ship,lifeboat
627,lighter,koala1000_627,man_made_thing,utensil,lighting
628,limousine,koala1000_628,vehicle,ground_vehicle,car
629,liner,koala1000_629,vehicle,ship,liner
630,lipstick,koala1000_630,man_made_thing,body_care,face_care
631,loafer,koala1000_631,wearable,,footwear
632,lotion,koala1000_632,man_made_thing,body_care,lotion
633,loudspeaker,koala1000_633,man_made_thing,audio_tool,audio_tool
634,loupe,koala1000_634,man_made_thing,utensil,magnifier
635,sawmill,koala1000_635,structure_building,industrial_structure,sawmill
636,magnetic_compass,koala1000_636,man_made_thing,measure_instrument,compass
637,mailbag,koala1000_637,man_made_thing,bag,mailbag
638,mailbox,koala1000_638,man_made_thing,container,box
639,maillot,koala1000_639,wearable,garment,swimsuit
640,maillot,koala1000_640,wearable,garment,swimsuit
641,manhole_cover,koala1000_641,structure_building,building_part,manhole_cover
642,maraca,koala1000_642,man_made_thing,musical_instrument,maraca
643,marimba,koala1000_643,man_made_thing,musical_instrument,marimba
644,mask,koala1000_644,wearable,,face_protection
645,matchstick,koala1000_645,man_made_thing,utensil,lighting
646,maypole,koala1000_646,structure_building,free_standing_structure,pole
647,maze,koala1000_647,structure_building,free_standing_structure,maze
648,measuring_cup,koala1000_648,man_made_thing,container,cup
649,medicine_chest,koala1000_649,furniture,,storage_unit
650,megalith_structure,koala1000_650,structure_building,free_standing_structure,monument
651,microphone,koala1000_651,man_made_thing,audio_tool,audio_tool
652,microwave,koala1000_652,man_made_thing,small_appliance,oven
653,military_uniform,koala1000_653,wearable,garment,uniform
654,milk_can,koala1000_654,man_made_thing,container,bottle
655,minibus,koala1000_655,vehicle,ground_vehicle,bus
656,miniskirt,koala1000_656,wearable,garment,skirt
657,minivan,koala1000_657,vehicle,ground_vehicle,van
658,missile,koala1000_658,man_made_thing,weapon,missile
659,mitten,koala1000_659,wearable,accessory,mitten
660,mixing_bowl,koala1000_660,man_made_thing,container,bowl
661,mobile_home,koala1000_661,structure_building,shelter,mobile_home
662,model_t,koala1000_662,vehicle,ground_vehicle,car
663,modem,koala1000_663,man_made_thing,electronic_dev,modem
664,monastery,koala1000_664,structure_building,religious_building,monastery
665,monitor,koala1000_665,man_made_thing,electronic_dev,monitor
666,moped,koala1000_666,vehicle,ground_vehicle,motorcycle
667,mortar,koala1000_667,man_made_thing,container,bowl
668,mortar_board,koala1000_668,man_made_thing,tool,mortar_board
669,mosque,koala1000_669,structure_building,religious_building,mosque
670,mosquito_net,koala1000_670,furniture,textile_object,curtain
671,motor_scooter,koala1000_671,vehicle,ground_vehicle,motorcycle
672,mountain_bike,koala1000_672,vehicle,ground_vehicle,bicycle
673,mountain_tent,koala1000_673,structure_building,shelter,tent
674,mouse,koala1000_674,man_made_thing,electronic_dev,joystick_or_mouse
675,mousetrap,koala1000_675,man_made_thing,utensil,pest_control
676,moving_van,koala1000_676,vehicle,ground_vehicle,van
677,muzzle,koala1000_677,wearable,,face_protection
678,nail,koala1000_678,man_made_thing,building_material,nail
679,neck_brace,koala1000_679,wearable,accessory,neckwear
680,necklace,koala1000_680,wearable,accessory,neckwear
681,nipple,koala1000_681,man_made_thing,utensil,cover
682,notebook,koala1000_682,man_made_thing,electronic_dev,computer
683,obelisk,koala1000_683,structure_building,free_standing_structure,monument
684,oboe,koala1000_684,man_made_thing,musical_instrument,oboe
685,ocarina,koala1000_685,man_made_thing,musical_instrument,flute
686,odometer,koala1000_686,man_made_thing,measure_instrument,odometer
687,oil_filter,koala1000_687,man_made_thing,vehicle_part,filter
688,organ,koala1000_688,man_made_thing,musical_instrument,organ
689,oscilloscope,koala1000_689,man_made_thing,measure_instrument,oscilloscope
690,overskirt,koala1000_690,wearable,garment,skirt
691,oxcart,koala1000_691,vehicle,ground_vehicle,oxcart
692,oxygen_mask,koala1000_692,wearable,,face_protection
693,packet,koala1000_693,man_made_thing,container,box
694,paddle,koala1000_694,man_made_thing,sports_and_toy,paddle
695,paddlewheel,koala1000_695,man_made_thing,vehicle_part,paddlewheel
696,padlock,koala1000_696,man_made_thing,utensil,locking_device
697,paintbrush,koala1000_697,man_made_thing,utensil,cleaning_utensil
698,pajama,koala1000_698,wearable,garment,sleepwear
699,palace,koala1000_699,structure_building,free_standing_structure,palace
700,panpipe,koala1000_700,man_made_thing,musical_instrument,flute
701,paper_towel,koala1000_701,man_made_thing,utensil,kitchen_utensil
702,parachute,koala1000_702,man_made_thing,sports_and_toy,parachute
703,parallel_bars,koala1000_703,man_made_thing,sports_and_toy,gymnastic_bar
704,park_bench,koala1000_704,furniture,,bench
705,parking_meter,koala1000_705,man_made_thing,slot_machine_or_atm,parking_meter
706,passenger_car,koala1000_706,vehicle,ground_vehicle,car
707,patio,koala1000_707,structure_building,building_part,house_extension
708,pay-phone,koala1000_708,man_made_thing,electronic_dev,phone
709,pedestal,koala1000_709,structure_building,building_part,house_extension
710,pencil_box,koala1000_710,man_made_thing,container,box
711,pencil_sharpener,koala1000_711,man_made_thing,utensil,writing_utensil
712,perfume,koala1000_712,man_made_thing,body_care,perfume
713,petri_dish,koala1000_713,man_made_thing,container,bowl
714,photocopier,koala1000_714,man_made_thing,office_appliance,photocopier
715,pick,koala1000_715,man_made_thing,musical_instrument,plectrum
716,pickelhaube,koala1000_716,wearable,,armor
717,picket_fence,koala1000_717,structure_building,building_part,fence
718,pickup,koala1000_718,vehicle,ground_vehicle,truck
719,pier,koala1000_719,structure_building,transport_structure,dock_or_harbor
720,piggy_bank,koala1000_720,man_made_thing,container,piggy_bank
721,pill_bottle,koala1000_721,man_made_thing,container,bottle
722,pillow,koala1000_722,furniture,textile_object,pillow
723,ping-pong_ball,koala1000_723,man_made_thing,sports_and_toy,ball
724,pinwheel,koala1000_724,man_made_thing,sports_and_toy,pinwheel
725,pirate,koala1000_725,vehicle,ship,sailing_ship
726,pitcher,koala1000_726,man_made_thing,container,pitcher
727,plane,koala1000_727,man_made_thing,tool,plane
728,planetarium,koala1000_728,structure_building,public_building,planetarium
729,plastic_bag,koala1000_729,man_made_thing,bag,plastic_bag
730,plate_rack,koala1000_730,furniture,,storage_unit
731,plow,koala1000_731,vehicle,work_vehicle,plow
732,plunger,koala1000_732,man_made_thing,tool,plunger
733,polaroid_camera,koala1000_733,man_made_thing,electronic_dev,camera
734,pole,koala1000_734,structure_building,free_standing_structure,pole
735,police_van,koala1000_735,vehicle,ground_vehicle,utility
736,poncho,koala1000_736,wearable,garment,coat
737,pool_table,koala1000_737,man_made_thing,sports_and_toy,pool_table
738,pop_bottle,koala1000_738,man_made_thing,container,bottle
739,pot,koala1000_739,man_made_thing,container,bucket
740,potters_wheel,koala1000_740,man_made_thing,tool,potters_wheel
741,power_drill,koala1000_741,man_made_thing,tool,power_drill
742,prayer_rug,koala1000_742,furniture,textile_object,floor_cover
743,printer,koala1000_743,man_made_thing,office_appliance,printer
744,prison,koala1000_744,structure_building,government_building,prison
745,projectile,koala1000_745,man_made_thing,weapon,missile
746,projector,koala1000_746,man_made_thing,office_appliance,projector
747,puck,koala1000_747,man_made_thing,sports_and_toy,ball
748,punching_bag,koala1000_748,man_made_thing,sports_and_toy,ball
749,purse,koala1000_749,man_made_thing,bag,purse
750,quill,koala1000_750,man_made_thing,utensil,writing_utensil
751,quilt,koala1000_751,furniture,textile_object,bedcover
752,race_car,koala1000_752,vehicle,ground_vehicle,car
753,racket,koala1000_753,man_made_thing,sports_and_toy,racket
754,radiator,koala1000_754,man_made_thing,home_appliance,heating_or_cooling
755,radio,koala1000_755,man_made_thing,electronic_dev,radio
756,radio_telescope,koala1000_756,man_made_thing,electronic_dev,radio_telescope
757,rain_barrel,koala1000_757,man_made_thing,container,rain_barrel
758,recreational_vehicle,koala1000_758,vehicle,ground_vehicle,truck
759,reel,koala1000_759,man_made_thing,tool,reel
760,reflex_camera,koala1000_760,man_made_thing,electronic_dev,camera
761,refrigerator,koala1000_761,man_made_thing,home_appliance,refrigerator
762,remote_control,koala1000_762,man_made_thing,electronic_dev,remote_control
763,restaurant,koala1000_763,structure_building,commercial_building,restaurant_or_bar
764,revolver,koala1000_764,man_made_thing,weapon,revolver
765,rifle,koala1000_765,man_made_thing,weapon,rifle
766,rocking_chair,koala1000_766,furniture,,chair
767,rotisserie,koala1000_767,man_made_thing,small_appliance,rotisserie
768,rubber_eraser,koala1000_768,man_made_thing,utensil,writing_utensil
769,rugby_ball,koala1000_769,man_made_thing,sports_and_toy,ball
770,rule,koala1000_770,man_made_thing,utensil,measuring_device
771,running_shoe,koala1000_771,wearable,,footwear
772,safe,koala1000_772,furniture,,storage_unit
773,safety_pin,koala1000_773,wearable,accessory,pin
774,saltshaker,koala1000_774,man_made_thing,container,bottle
775,sandal,koala1000_775,wearable,,footwear
776,sarong,koala1000_776,wearable,garment,skirt
777,sax,koala1000_777,man_made_thing,musical_instrument,saxophone
778,scabbard,koala1000_778,wearable,,armor
779,scale,koala1000_779,man_made_thing,measure_instrument,scale
780,school_bus,koala1000_780,vehicle,ground_vehicle,bus
781,schooner,koala1000_781,vehicle,ship,sailing_ship
782,scoreboard,koala1000_782,man_made_thing,sports_and_toy,scoreboard
783,screen,koala1000_783,man_made_thing,electronic_dev,monitor
784,screw,koala1000_784,man_made_thing,building_material,screw
785,screwdriver,koala1000_785,man_made_thing,tool,screwdriver
786,seatbelt,koala1000_786,man_made_thing,vehicle_part,seatbelt
787,sewing_machine,koala1000_787,man_made_thing,small_appliance,sewing_machine
788,shield,koala1000_788,wearable,,armor
789,shoe_shop,koala1000_789,structure_building,commercial_building,shop
790,shoji,koala1000_790,man_made_thing,home_decoration,screen
791,shopping_basket,koala1000_791,man_made_thing,container,basket
792,shopping_cart,koala1000_792,vehicle,ground_vehicle,shopping_cart
793,shovel,koala1000_793,man_made_thing,tool,shovel
794,shower_cap,koala1000_794,wearable,headgear,cap
795,shower_curtain,koala1000_795,furniture,textile_object,curtain
796,ski,koala1000_796,man_made_thing,sports_and_toy,ski
797,ski_mask,koala1000_797,wearable,,face_protection
798,sleeping_bag,koala1000_798,furniture,textile_object,bedcover
799,slide_rule,koala1000_799,man_made_thing,utensil,measuring_device
800,sliding_door,koala1000_800,structure_building,building_part,door
801,slot,koala1000_801,man_made_thing,slot_machine_or_atm,slot
802,snorkel,koala1000_802,man_made_thing,sports_and_toy,snorkel
803,snowmobile,koala1000_803,vehicle,ground_vehicle,snowmobile
804,snowplow,koala1000_804,vehicle,work_vehicle,plow
805,soap_dispenser,koala1000_805,man_made_thing,container,soap_dispenser
806,soccer_ball,koala1000_806,man_made_thing,sports_and_toy,ball
807,sock,koala1000_807,wearable,,footwear
808,solar_dish,koala1000_808,man_made_thing,electronic_dev,solar_dish
809,sombrero,koala1000_809,wearable,headgear,hat
810,soup_bowl,koala1000_810,man_made_thing,container,bowl
811,space_bar,koala1000_811,man_made_thing,electronic_dev,keyboard
812,space_heater,koala1000_812,man_made_thing,small_appliance,heater
813,space_shuttle,koala1000_813,vehicle,aviation,airplane
814,spatula,koala1000_814,man_made_thing,utensil,kitchen_utensil
815,speedboat,koala1000_815,vehicle,ship,boat
816,spider_web,koala1000_816,animal,animal_product,spider_web
817,spindle,koala1000_817,man_made_thing,utensil,crafting_tool
818,sports_car,koala1000_818,vehicle,ground_vehicle,car
819,spotlight,koala1000_819,man_made_thing,light_fixture,lamp
820,stage,koala1000_820,structure_building,building_part,altar_or_stage
821,steam_locomotive,koala1000_821,vehicle,ground_vehicle,locomotive
822,steel_arch_bridge,koala1000_822,structure_building,transport_structure,bridge
823,steel_drum,koala1000_823,man_made_thing,musical_instrument,drum
824,stethoscope,koala1000_824,man_made_thing,utensil,medical_device
825,stole,koala1000_825,wearable,accessory,scarf
826,stone_wall,koala1000_826,structure_building,free_standing_structure,stone_wall
827,stopwatch,koala1000_827,man_made_thing,small_appliance,clock
828,stove,koala1000_828,man_made_thing,home_appliance,stove
829,strainer,koala1000_829,man_made_thing,container,strainer
830,streetcar,koala1000_830,vehicle,ground_vehicle,streetcar
831,stretcher,koala1000_831,furniture,,bed
832,studio_couch,koala1000_832,furniture,,sofa
833,stupa,koala1000_833,structure_building,building_part,altar_or_stage
834,submarine,koala1000_834,vehicle,ship,submarine
835,suit,koala1000_835,wearable,garment,suit
836,sundial,koala1000_836,man_made_thing,small_appliance,clock
837,sunglass,koala1000_837,wearable,,eyewear
838,sunglasses,koala1000_838,wearable,,eyewear
839,sunscreen,koala1000_839,man_made_thing,body_care,lotion
840,suspension_bridge,koala1000_840,structure_building,transport_structure,bridge
841,mop,koala1000_841,man_made_thing,utensil,cleaning_utensil
842,sweatshirt,koala1000_842,wearable,garment,shirt
843,swimming_trunks,koala1000_843,wearable,garment,swimsuit
844,swing,koala1000_844,man_made_thing,sports_and_toy,swing
845,switch,koala1000_845,man_made_thing,building_material,switch
846,syringe,koala1000_846,man_made_thing,utensil,medical_device
847,table_lamp,koala1000_847,man_made_thing,light_fixture,lamp
848,tank,koala1000_848,vehicle,ground_vehicle,tank
849,tape_player,koala1000_849,man_made_thing,electronic_dev,music_player
850,teapot,koala1000_850,man_made_thing,container,pot
851,teddy,koala1000_851,man_made_thing,sports_and_toy,cuddle_toy
852,television,koala1000_852,man_made_thing,electronic_dev,monitor
853,tennis_ball,koala1000_853,man_made_thing,sports_and_toy,ball
854,thatch,koala1000_854,structure_building,building_part,roof
855,theater_curtain,koala1000_855,furniture,textile_object,curtain
856,thimble,koala1000_856,man_made_thing,utensil,cover
857,thresher,koala1000_857,vehicle,work_vehicle,farm_machine
858,throne,koala1000_858,furniture,,seat
859,tile_roof,koala1000_859,structure_building,building_part,roof
860,toaster,koala1000_860,man_made_thing,small_appliance,toaster
861,tobacco_shop,koala1000_861,structure_building,commercial_building,shop
862,toilet_seat,koala1000_862,furniture,,toilet_seat
863,torch,koala1000_863,man_made_thing,utensil,lighting
864,totem_pole,koala1000_864,structure_building,free_standing_structure,pole
865,tow_truck,koala1000_865,vehicle,ground_vehicle,utility
866,toyshop,koala1000_866,structure_building,commercial_building,shop
867,tractor,koala1000_867,vehicle,work_vehicle,tractor
868,trailer_truck,koala1000_868,vehicle,ground_vehicle,truck
869,tray,koala1000_869,man_made_thing,container,plate
870,trench_coat,koala1000_870,wearable,garment,coat
871,tricycle,koala1000_871,vehicle,ground_vehicle,bicycle
872,trimaran,koala1000_872,vehicle,ship,sailing_ship
873,tripod,koala1000_873,man_made_thing,electronic_dev,support-device
874,triumphal_arch,koala1000_874,structure_building,free_standing_structure,monument
875,trolleybus,koala1000_875,vehicle,ground_vehicle,bus
876,trombone,koala1000_876,man_made_thing,musical_instrument,trombone
877,tub,koala1000_877,furniture,,tub
878,turnstile,koala1000_878,structure_building,building_part,door
879,typewriter_keyboard,koala1000_879,man_made_thing,electronic_dev,keyboard
880,umbrella,koala1000_880,man_made_thing,utensil,umbrella
881,unicycle,koala1000_881,vehicle,ground_vehicle,unicycle
882,upright,koala1000_882,man_made_thing,musical_instrument,piano
883,vacuum,koala1000_883,man_made_thing,small_appliance,vacuum
884,vase,koala1000_884,man_made_thing,container,vase
885,vault,koala1000_885,structure_building,room,vault
886,velvet,koala1000_886,man_made_thing,textile,fabric
887,vending_machine,koala1000_887,man_made_thing,slot_machine_or_atm,vending_machine
888,vestment,koala1000_888,wearable,garment,coat
889,viaduct,koala1000_889,structure_building,transport_structure,viaduct
890,violin,koala1000_890,man_made_thing,musical_instrument,violin
891,volleyball,koala1000_891,man_made_thing,sports_and_toy,ball
892,waffle_iron,koala1000_892,man_made_thing,small_appliance,waffle_iron
893,wall_clock,koala1000_893,man_made_thing,small_appliance,clock
894,wallet,koala1000_894,man_made_thing,bag,wallet
895,wardrobe,koala1000_895,furniture,,storage_unit
896,warplane,koala1000_896,vehicle,aviation,airplane
897,washbasin,koala1000_897,furniture,,tub
898,washer,koala1000_898,man_made_thing,home_appliance,washer
899,water_bottle,koala1000_899,man_made_thing,container,bottle
900,water_jug,koala1000_900,man_made_thing,container,bottle
901,water_tower,koala1000_901,structure_building,free_standing_structure,tower
902,whiskey_jug,koala1000_902,man_made_thing,container,bottle
903,whistle,koala1000_903,man_made_thing,musical_instrument,whistle
904,wig,koala1000_904,wearable,headgear,wig
905,window_screen,koala1000_905,structure_building,building_part,window
906,window_shade,koala1000_906,structure_building,building_part,window
907,windsor_tie,koala1000_907,wearable,accessory,neckwear
908,wine_bottle,koala1000_908,man_made_thing,container,bottle
909,wing,koala1000_909,man_made_thing,vehicle_part,wing
910,wok,koala1000_910,man_made_thing,container,pan
911,wooden_spoon,koala1000_911,man_made_thing,utensil,kitchen_utensil
912,wool,koala1000_912,man_made_thing,textile,fabric
913,worm_fence,koala1000_913,structure_building,building_part,fence
914,wreck,koala1000_914,vehicle,ship,wreck
915,yawl,koala1000_915,vehicle,ship,boat
916,yurt,koala1000_916,structure_building,shelter,tent
917,website,koala1000_917,media_object,text_graphic_display,website
918,comic_book,koala1000_918,man_made_thing,paper_document,book
919,crossword_puzzle,koala1000_919,man_made_thing,sports_and_toy,desk_toy
920,street_sign,koala1000_920,structure_building,transport_structure,traffic_sign
921,traffic_light,koala1000_921,structure_building,transport_structure,traffic_light
922,book_jacket,koala1000_922,wearable,garment,jacket
923,menu,koala1000_923,man_made_thing,paper_document,menu
924,plate,koala1000_924,man_made_thing,container,plate
925,guacamole,koala1000_925,food,prepared_dish,condiment
926,consomme,koala1000_926,food,prepared_dish,soup_or_stew
927,hot_pot,koala1000_927,food,prepared_dish,soup_or_stew
928,trifle,koala1000_928,food,prepared_dish,dessert
929,ice_cream,koala1000_929,food,prepared_dish,dessert
930,ice_lolly,koala1000_930,food,prepared_dish,dessert
931,french_loaf,koala1000_931,food,prepared_dish,bread
932,bagel,koala1000_932,food,prepared_dish,bread
933,pretzel,koala1000_933,food,prepared_dish,bread
934,cheeseburger,koala1000_934,food,prepared_dish,hamburger
935,hotdog,koala1000_935,food,prepared_dish,hotdog
936,mashed_potato,koala1000_936,food,prepared_dish,mashed_potato
937,head_cabbage,koala1000_937,food,natural_food,vegetable
938,broccoli,koala1000_938,food,natural_food,vegetable
939,cauliflower,koala1000_939,food,natural_food,vegetable
940,zucchini,koala1000_940,food,natural_food,vegetable
941,spaghetti_squash,koala1000_941,food,natural_food,vegetable
942,acorn_squash,koala1000_942,food,natural_food,vegetable
943,butternut_squash,koala1000_943,food,natural_food,vegetable
944,cucumber,koala1000_944,food,natural_food,vegetable
945,artichoke,koala1000_945,food,natural_food,vegetable
946,bell_pepper,koala1000_946,food,natural_food,vegetable
947,cardoon,koala1000_947,plant,flower,cardoon
948,mushroom,koala1000_948,food,natural_food,vegetable
949,granny_smith,koala1000_949,food,natural_food,fruit
950,strawberry,koala1000_950,food,natural_food,fruit
951,orange,koala1000_951,food,natural_food,fruit
952,lemon,koala1000_952,food,natural_food,fruit
953,fig,koala1000_953,food,natural_food,fruit
954,pineapple,koala1000_954,food,natural_food,fruit
955,banana,koala1000_955,food,natural_food,fruit
956,jackfruit,koala1000_956,food,natural_food,fruit
957,custard_apple,koala1000_957,food,natural_food,fruit
958,pomegranate,koala1000_958,food,natural_food,fruit
959,hay,koala1000_959,plant,grass,hay
960,carbonara,koala1000_960,food,prepared_dish,condiment
961,chocolate_sauce,koala1000_961,food,prepared_dish,condiment
962,dough,koala1000_962,food,prepared_dish,dough
963,meat_loaf,koala1000_963,food,prepared_dish,bread
964,pizza,koala1000_964,food,prepared_dish,pizza
965,potpie,koala1000_965,food,prepared_dish,soup_or_stew
966,burrito,koala1000_966,food,prepared_dish,wrap
967,red_wine,koala1000_967,food,,beverage
968,espresso,koala1000_968,food,,beverage
969,cup,koala1000_969,man_made_thing,container,mug
970,eggnog,koala1000_970,food,,beverage
971,alp,koala1000_971,environment,landscape,alp
972,bubble,koala1000_972,man_made_thing,sports_and_toy,bubble
973,cliff,koala1000_973,environment,landscape,cliff
974,reef,koala1000_974,environment,landscape,reef
975,geyser,koala1000_975,environment,landscape,geyser
976,shore,koala1000_976,environment,landscape,shore
977,headland,koala1000_977,environment,landscape,headland
978,sandbar,koala1000_978,environment,landscape,sandbar
979,shore,koala1000_979,environment,landscape,shore
980,valley,koala1000_980,environment,landscape,valley
981,volcano,koala1000_981,environment,landscape,volcano
982,baseball_player,koala1000_982,human-occupation,athlete,baseball_player
983,groom,koala1000_983,human-occupation,role_or_function,groom
984,scuba_diver,koala1000_984,human-occupation,athlete,scuba_diver
985,rapeseed,koala1000_985,food,natural_food,fruit
986,daisy,koala1000_986,plant,flower,daisy
987,yellow_lady's_slipper,koala1000_987,plant,flower,yellow_lady's_slipper
988,corn,koala1000_988,food,natural_food,fruit
989,acorn,koala1000_989,food,natural_food,fruit
990,hip,koala1000_990,food,natural_food,fruit
991,buckeye,koala1000_991,food,natural_food,fruit
992,coral_fungus,koala1000_992,plant,fungus,coral_fungus
993,agaric,koala1000_993,plant,fungus,agaric
994,gyromitra,koala1000_994,plant,fungus,gyromitra
995,stinkhorn,koala1000_995,plant,fungus,stinkhorn
996,earthstar,koala1000_996,plant,fungus,earthstar
997,hen-of-the-woods,koala1000_997,plant,fungus,hen-of-the-woods
998,bolete,koala1000_998,plant,fungus,bolete
999,ear,koala1000_999,food,natural_food,fruit
1000,toilet_paper,koala1000_1000,man_made_thing,body_care,toilet_paper